many time,0.014604939777806868
many year,0.04367350233231284
all kind,0.010709715438469013
many thing,0.230136747247963
all your,0.034030503229645015
all time,0.16036834827761978
all thing,0.7178967263977571
all sort,0.01865396345815577
all mean,0.28818440283097607
all unit,0.12323371746578468
both side,0.07006005037906876
many hour,0.24199384025816256
all cost,0.15813733659917947
many way,0.04265365219334778
many question,0.18791003352182803
many friend,0.27933346659458386
all engine,0.04233876972557165
all hand,0.32071052877667566
all our,0.027192878610829824
both hand,0.65092626954297
all system,0.01579608027527705
many girl,0.10736030689762037
both world,0.09492675415014327
all girl,0.44039868913418617
many case,0.062060371814769956
all human,0.24211540694675207
all creature,0.4393071023872648
many other,0.03922753600181212
all four,0.006603236706198244
many specie,0.9694146383899255
many day,0.023264237067405467
all passenger,0.6754074579545712
many thank,0.5569365792712837
many secret,0.04901199562039588
most kid,0.5876786642881322
many accident,0.008496434517340664
all u,0.06087662344152675
many color,0.15302519177965848
many star,0.0947905882181754
all lie,0.46747450793146916
all nation,0.008809741582398991
many thousand,0.5416695728364006
many million,0.21894986446205544
many eon,0.10408165812452816
all depend,0.39626974548290883
all bug,0.1333016392712272
many car,0.045680217213028944
all munchkin,0.4432769045407529
all dog,0.1885779632439885
many mile,0.4619061487837974
all arm,0.1240517372860791
all homeles,0.991365344404541
all corner,0.04445647525244535
many guard,0.15618120338110283
all day,0.051769122027329376
both end,0.08919544069256091
many towel,0.6235390338621936
many pumpkin,0.2151959668065578
all station,0.03351608265355631
all ship,0.1607736352212118
many kind,0.009734338924099159
all teacher,0.14501479174642617
all star,0.028815477090640255
many touche,0.6958998656221783
all orangutan,0.3599192628102726
both wing,0.7272370254916782
all kingdom,0.007250088133627845
all christma,0.9908075574883956
many animal,0.12470771564793465
many plane,0.038765475055917265
many guy,0.1109663596949423
many record,0.15603853431400513
many card,0.19647547459238646
all side,0.05052658453150062
many moment,0.00979370155949129
all communication,0.1942615984634903
all student,0.49632915789373416
all people,0.0007262612214236832
all age,0.11279187325183328
both barrel,0.13712272992003985
many count,0.019238014353747293
both way,0.07421844043744007
both answer,0.5166313174830294
all driver,0.02504763204707526
all hope,0.060103561634978854
many storie,0.9715132731323323
all night,0.07698117840803094
many movie,0.10049701840099613
all mom,0.00561781822198668
all level,0.04916608585415285
many stride,0.16874577479110803
many month,0.057005855619405923
all other,0.25827314108687544
many fact,0.08497514171977036
many hardship,0.040095178208618465
many choice,0.10582392818942078
all monster,0.2162900729283727
all commander,0.016333545748293366
all hour,0.1588281129130209
all slave,0.21949613115675332
many test,0.07082827583652149
many wall,0.16470214926354884
many mistake,0.08591351599332639
both village,0.13043917754644235
most babie,0.9679069406215807
many part,0.02007457914375885
all spectator,0.43432385917694355
many film,0.024617647302410957
many fault,0.05551732949442414
all odd,0.3778973167919338
all storie,0.9625984430301315
many rule,0.3570207529269838
many week,0.1543779589371707
many generation,0.2091477429279765
many chance,0.12184389867866893
many blessing,0.10600433020456239
many hole,0.2128312929876256
all mathematic,0.17345864475727588
many book,0.16385338292002918
many wonder,0.013754270490438645
both contestant,0.7019074522040435
all adult,0.5666205514318791
all trooper,0.3242169389705214
both companie,0.9534651353689624
many joy,0.02878659261229704
all stormtrooper,0.181338101378071
most bear,0.18176350001795208
both eye,0.48469831579971556
many house,0.027629289090686026
all intent,0.10798450260307435
many room,0.0307854989337237
all way,0.06022826061470184
both car,0.10472353267298039
many wishe,0.9435562513552646
most pet,0.06801892453443159
many word,0.34222692451664594
many countrie,0.9919882915752832
all stop,0.005362368820970695
all boy,0.06620994042359594
both ship,0.17250996221596232
all animal,0.31697435523800993
both teacup,0.2715556336791648
all accident,0.031134188235926997
all government,0.006097581842721639
many tear,0.6256378011353922
all frequencie,0.8683430873031995
all test,0.041805175004638685
all command,0.008155958987856898
all contestant,0.3285567428272793
both direction,0.24347552232366468
all misfit,0.3319371823863493
most animal,0.2346471421856521
many minute,0.04509337115209503
all guy,0.3614560556148564
many explosive,0.059742883865961736
many zeroe,0.571445998058826
all clas,0.976144344994871
all mess-up,0.04766342780170631
all title,0.08091733547121817
many repair,0.3664752767886445
many doubt,0.1263496629223753
many doctor,0.024138104140509507
many game,0.1780934597072346
many pitche,0.21775650260041746
both fan,0.1527628157045435
many combination,0.06271574956600835
all circuit,0.17916076599727757
all train,0.06301984845398813
all name,0.051328007076783935
many bag,0.08305348065662621
most parent,0.8296840234979965
many clothe,0.9875840061704616
many cylinder,0.15055316270589017
all excuse,0.0333026426466634
many campfire,0.12340951279178339
many cast,0.007329567955622142
both lake,0.020866460578861712
many american,0.06230683097597322
both negotiator,0.437218004908992
many laugh,0.10205926919498962
all fund,0.050689918068918184
all criminal,0.33520329884638783
many eye,0.23162906384144605
all proceed,0.004886065318503794
all winner,0.0884062309854588
all population,0.03137500582235776
all race,0.06203528746644988
both number,0.3900498738049577
many arm,0.1488508491586659
all flight,0.043845323005784254
all convention,0.04033693173504568
all right,0.0032908181936534796
all appearance,0.2934743285904066
all vehicle,0.1627817929063989
all temperature,0.10262518800843703
all tank,0.13680343697593694
all school,0.012915416636463603
all wind,0.12225473933667755
all weather,0.011331341315254855
all ladie,0.9844945941430023
all flower,0.5022487357721946
all bee,0.05190393247936745
all insect,0.505117863306094
many memorie,0.9916754813689357
most burger,0.5769102576490281
all vow,0.03112965161174301
both school,0.0321497118950412
all strike,0.14014488687998292
both boat,0.09312321210903457
all peanut,0.10666245059416246
many nannie,0.20095800875660588
all payment,0.13946281859869697
all size,0.0153926954890619
many program,0.030156129891623598
many level,0.0875258343317022
all -ye,0.5157737806008444
all question,0.1023340909730727
all augustu,0.5836890096104073
many christma,0.989363776401672
all tonya,0.20270634133337617
all show,0.045854872966957914
all higitu,0.6555278272417538
all walk,0.023360418313281166
many ring,0.21277695829294854
all sector,0.06041583321775465
all member,0.3367421114391507
all report,0.04957658396383274
many banana,0.561613958461413
all busines,0.9907461950520078
all munster,0.036614146808305215
all prime,0.0692192194052232
all cybertronian,0.04494593914770397
most human,0.2851971344048324
all route,0.003683387981586249
all triangle,0.0065248400509798285
all expense,0.7025907940604844
many puppie,0.9917040040310491
all devil,0.022461181370399978
all precaution,0.27576059510620027
all person,0.005811639985122495
all bear,0.06624341994927542
many know,0.08431629542277592
all thornton,0.0016114706484973693
all rider,0.16057867069845663
many lesson,0.19996338429025923
all bargain,0.1607875011101356
all thumb,0.10323962166861181
many bond,0.06324672660174742
both friend,0.6734768452888895
many yankee,0.15841465362766252
many passenger,0.6405199402024562
many yank,0.03889139589472543
many deal,0.02728979443410411
many rooster,0.13557756112980318
many reason,0.056562872004273894
many delight,0.01297152821978023
many present,0.17280933417759484
many knock,0.04481262410288441
many round,0.02951091118306346
all pirate,0.5851129325853225
many hotel,0.022564744365373323
all line,0.2534222367206114
all shark,0.22133958167890586
all idiot,0.17940634663200913
many trouble,0.035541050543404555
many alert,0.013232772002170464
all code,0.05884738164414983
many opening,0.004501022137891351
many fight,0.018587796598708198
many evening,0.004008150315440778
many girlfriend,0.03756358834352247
many kisse,0.460296277506413
all angel,0.508455844251228
all toy,0.5103834723513201
many feast,0.042216146425450934
all branche,0.69928421217733
all element,0.09455826382465157
all plant,0.12065571239520968
many syllable,0.025043085161083237
most folk,0.7765607148588902
most guy,0.3786124342012138
many bill,0.04574756873384193
both girl,0.36573557383000166
all worker,0.18912565018813726
all end,0.10438077024546456
both student,0.6712751156520113
all mammal,0.13649262508191812
all grati,0.0035761614945289235
both actor,0.6089784352031626
many shot,0.04363574428615351
both count,0.038200376243786346
all volunteer,0.3781923317553898
many delicacie,0.811727506627257
many up,0.09032468694158456
all work,0.10247452935353585
all amigo,0.042788574852074344
all processe,0.14551278802925846
all instance,0.022041484504628863
all meaningles,0.7819479940743677
all higgin,0.979516104276568
many woe,0.0746630247840349
all airport,0.012021565520022814
all stranger,0.3088407826034201
all charge,0.03385883705304447
all violate,0.26864818670802243
all delegate,0.30656415500636125
all carry-on,0.006560869180915524
all language,0.03182080514112676
many second,0.02377592403824825
all mountain,0.09961745116571148
both name,0.1947283027611829
all sound,0.36921287951420934
many language,0.03573711288942815
many successe,0.8175432304090551
all plane,0.045629168795601284
many player,0.24423745100263472
all sixe,0.028502172473276886
all bit,0.09673884774404368
all illusion,0.04709699663660669
all blizzard,0.012476302529453592
all hasard,0.11311222718068052
all prisoner,0.31494614361976925
all car,0.05329500661815054
all olive,0.062487385407738225
both offer,0.3401234550447933
all eye,0.29052043057246313
many object,0.34640373228341464
many site,0.0338548725600521
all audience,0.12079976880987223
many dishe,0.7494946390682884
many countesse,0.7488573778825
both door,0.14581589296239814
many method,0.19689971447634622
many pipe,0.12512965968933962
many captive,0.048855882494269025
many enemie,0.9986218030177135
all unkindnes,0.824018354900839
all peril,0.06648828487778263
all point,0.1242117975998973
many traveler,0.5407155787268904
all word,0.7090210122573206
many law,0.08240446982002138
many doodle,0.020815658023066685
many creature,0.3535235881195386
all direction,0.06382108195369478
many infinitie,0.8682619681110649
many fraction,0.25348128330138786
all infinitie,0.9294267512936248
most mathematician,0.41954853007970067
all decimal,0.05440562902497604
many mathematician,0.1735825686039167
all equation,0.06948440786637748
many problem,0.23224583870177384
many textbook,0.040529453576499584
many specific,0.04099490537968199
many door,0.10268130338492575
many friendlie,0.8756290253198752
both clas,0.987958416048426
all revolution,0.036376190598774005
many brenda,0.014057724270011422
many broom,0.20624531608478677
many feeling,0.078456891521524
many teenager,0.3184377184087591
many peck,0.10990082604647293
all acces,0.9525375782299507
all fairnes,0.9951675815618983
many kill,0.007155482193128296
all distres,0.9890738032566513
many design,0.05754092349358242
many world,0.04583012458104949
all attempt,0.07307146278045483
most map,0.08508213506037515
most american,0.05126972544251005
all action,0.030990664442703014
all trace,0.0806895932059543
many technique,0.16106313873375258
all chao,0.8160148361660974
many varietie,0.9750205900830368
many rumor,0.5713653634685387
many conflict,0.12357232364607812
many flower,0.6083685350760122
both competitor,0.4816859616564265
all killer,0.016234869487989086
many flyer,0.19260871255110182
both cub,0.4400012112482981
many limb,0.19217002711108777
all intruder,0.1934367320897531
many riche,0.3249635747987272
many yesterday,0.0012304436608692316
all relation,0.9112230593412454
all soul,0.14036838704687654
many homemaker,0.10296109882443952
many spider,0.26163770457431923
all ward,0.023464463653176615
many joke,0.48619686158950043
all cylinder,0.056343654615429554
all poet,0.04638857943837455
all rope,0.04571712510164959
many slave,0.22985197277712377
many king,0.03195604648212637
all mother,0.014775026133616835
all pylon,0.04983329332766373
many shepherd,0.09123055961032062
many nation,0.061854707372564155
all god,0.026347047409475247
all wagon,0.18278100013422025
all american,0.04974024160488135
both parent,0.8959525092691656
many sprinkle,0.3260196746957868
most mammal,0.21391107583170443
most case,0.04386579279342542
both kid,0.6619639913308816
many trial,0.038739315284465725
all drawing,0.10323185509036181
many kid,0.1454273980820457
all smile,0.05845917158587371
both owner,0.39729222585310936
many lock,0.016192628533874747
many charm,0.09284910688069717
all crime,0.11147310744546218
many toy,0.5592284331790989
all villain,0.2838129950213589
all wenche,0.36228529316620367
many hit,0.06864720479882107
many hoop,0.27214789918586335
many pig,0.09066603658249289
all happines,0.9992456789962167
many servant,0.3710593353923829
many dutie,0.9366931572296061
many violation,0.06503404907106107
both murder,0.03340336029775165
both leg,0.1824764699764823
all tyrant,0.26266541223056344
all gunfighter,0.12669989405378512
all bet,0.016382469681700706
most thing,0.6489656023883205
many christian,0.10876010129515376
all place,0.10626596674278249
both team,0.11204563842023237
both arm,0.4333859415022457
all parent,0.7650475291375138
many file,0.06386883180739525
many privilege,0.3900681122617616
all witche,0.9845514677061348
all mexican,0.16678513055354785
many piece,0.16973151161652028
all citizen,0.47957047790012775
many operation,0.059741012845476914
many villager,0.23427319825789802
all crop,0.35163267361161016
all newborn,0.004271286961132065
most girl,0.09277507329032122
many danger,0.029677145310288307
many long-neck,0.10192080433173666
all magician,0.1380302746048958
all building,0.08436923549822886
many role,0.12325464977128993
all quarrel,0.05520741269960238
all feel,0.06004375978191257
all robot,0.12314132499365052
many supporter,0.317604236007831
many cup,0.0803771137523876
many hinderance,0.03155860915374459
many side,0.013718779097464835
both dog,0.13834395849649395
all bird,0.15659655707702086
all reserve,0.08023405320934744
many son,0.027255840907999013
many legion,0.33961730446611876
all game,0.4727437089534694
all finding,0.0077798577356184345
all recorder,0.1084398977248806
many highway,0.023588639108919517
many bug,0.2513329141054796
many building,0.12007089285484758
all seat,0.15307116389166733
all volcanoe,0.06522830970292189
all prophet,0.3904506595542796
many mansion,0.05525378695804531
many section,0.016189965937071702
many horn,0.176643082287368
many babie,0.9444924418506323
many talent,0.07711229965362079
many great,0.0024131591575231406
all vampire,0.39798229700176574
many ghost,0.3494873331422011
many live,0.3043333116850059
many lakh,0.06185676530722272
many league,0.042223557335130696
all count,0.09387720581346533
all knight,0.2624843348270216
all fanatic,0.02628579884540241
many rose,0.3072710500370241
all door,0.06340897788271681
all friend,0.33939342880184487
all snowflake,0.49222073948664025
all background,0.004483146342739378
both human,0.31767972683070916
both victim,0.12676617199046347
many sable,0.10417353210698174
many turtle,0.14310165223193963
many survivor,0.31593774808828573
all hat,0.08392805374432356
all record,0.1169633058686927
many mammal,0.12603324912430494
all circumstance,0.7145694079876809
many thought,0.10705256099395023
many gun,0.13782900310389193
many death,0.006385046701553164
all ourselve,0.9920302494583917
all blessing,0.07920886046716309
many convention,0.07875259926980425
all dane,0.06841016829205888
all possibilitie,0.965191431196745
all hypocrite,0.1107397309614177
all fighter,0.2974961333361831
all performer,0.4700488099929816
both competition,0.1362646221860396
all run,0.025536269938639642
all harbor,0.005954852633102426
many schmoozing,0.015524158028589287
many jargon,0.09946170012143081
many lick,0.022088917803162255
many sausage,0.1315973324806906
many offer,0.13663005550579535
many cheese,0.00952887903367508
all ear,0.026156793860629485
many gown,0.04028958938302674
many paint,0.01309574013135996
many horse,0.28234191354481397
all arrangement,0.1801139039301209
all move,0.07612709026994581
both packet,0.7211009469711003
many murder,0.015396808803816919
all call,0.07488158359784897
all equal,0.1000127734384122
all angle,0.1109486634734799
all new-build,0.01836430253598576
many idiot,0.13567580249862765
many balloon,0.07825024122387872
all elephant,0.4749975853089628
many acre,0.5539452350044127
all entrie,0.682026834165643
many gadget,0.19393101249630448
all geniuse,0.18029920126493468
most hotel,0.044466142113879184
all unaware,0.10343800751173145
all ailment,0.0757581302903938
many path,0.02062449665970761
all musher,0.28768174106834016
all problem,0.20694418521385122
all occasion,0.029233441041200913
many cure,0.11782024022772317
many vote,0.050203447876835026
many bank,0.1312788458593469
many place,0.027164955941647122
all wimp,0.081075082721922
all watchdog,0.6252358064643497
all mate,0.013212636641428644
all thank,0.44529771766104426
all drain,0.19427451785703911
all pencil,0.30360160495732935
all pari,0.8732565154816531
all coward,0.0998005410879893
many smile,0.03172919089242285
all variable,0.0034007982003954303
all dragon,0.048946812569922726
many hunter,0.15480267425726535
many ship,0.08423079720834699
many rider,0.3988990773987173
most specie,0.9181230617340764
many mysterie,0.9427534705362922
all leave,0.09345737623475393
many newsreel,0.04950152779331053
many prince,0.5519341161855322
many obligation,0.08057651427545205
