many time,0.021139391233915762
many year,0.8434419604336678
all kind,0.5541237802183502
many thing,0.2015530497982881
all your,0.1512724077669247
all time,0.01955556439874536
all thing,0.9944362106484693
all sort,0.14402411723295838
all mean,0.8874036746448175
all unit,0.4363776617493259
both side,0.541193784375854
many hour,0.2782119142427912
all cost,0.21454786648483046
many way,0.0905934219194437
many question,0.7351425621221571
many friend,0.23697152192826276
all engine,0.651002526895742
all hand,0.8857118936227755
all our,0.022356119300222625
both hand,0.7102796106438715
all system,0.36451223838749486
many girl,0.1351593808741095
both world,0.06839299519657388
all girl,0.8932560607494223
many case,0.11325656518823779
all human,0.552485801070756
all creature,0.9586347569550663
many other,0.1118695701122474
all four,0.0010805748823780555
many specie,0.9381135908950942
many day,0.01971944492057586
all passenger,0.9859109598042809
many thank,0.5896975316042032
many secret,0.041125127940311014
most kid,0.4618946351125462
many accident,0.03499787865370245
all u,0.1327696314946519
many color,0.2268351939051603
many star,0.2415565733189979
all lie,0.6380293701472044
all nation,0.4212012992876044
many thousand,0.08810022120363456
many million,0.06872289105870201
many eon,0.3369787128270448
all depend,0.9605871289604738
all bug,0.5135212261470691
many car,0.09894062115014075
all munchkin,0.8018038155773305
all dog,0.4490630015126051
many mile,0.2499264157688853
all arm,0.2589290540743485
all homeles,0.9995149354414826
all corner,0.4543721147184752
many guard,0.07075840800119154
all day,0.06596311762867658
both end,0.43835675087838794
many towel,0.4550844451828618
many pumpkin,0.2602565797822563
all station,0.604004091000168
all ship,0.42170290662881055
many kind,0.005288330945248752
all teacher,0.7136933646469685
all star,0.050832680143844705
many touche,0.4270232019853124
all orangutan,0.9609244494752744
both wing,0.7674906357244617
all kingdom,0.3409183973796731
all christma,0.9998401692563786
many animal,0.49497085746526565
many plane,0.016739599508793366
many guy,0.11519142177348009
many record,0.2410932307131274
many card,0.24088922943002827
all side,0.1261065722153187
many moment,0.02283035715791467
all communication,0.9562585248288327
all student,0.8764079980738513
all people,0.004905794948087698
all age,0.05958409936118241
both barrel,0.16513789187309497
many count,0.011186725616443911
both way,0.27993583818465156
both answer,0.5685719285042666
all driver,0.4826209749364118
all hope,0.04961336629935997
many storie,0.9889361675245187
all night,0.016187315425634438
many movie,0.07277263620162705
all mom,0.015546221378499507
all level,0.7025412294213699
many stride,0.12541827908601072
many month,0.09027138633218945
all other,0.18882872948465776
many fact,0.08143192128129334
many hardship,0.17383687828029792
many choice,0.013345461150063092
all monster,0.7050637775649378
all commander,0.15696882736956744
all hour,0.970221749501055
all slave,0.8132572208794459
many test,0.1364878200477749
many wall,0.3149722669277471
many mistake,0.06122416977032249
both village,0.22754250659091094
most babie,0.9908862178251298
many part,0.03084674682237413
all spectator,0.9607606804684554
many film,0.034127742562682487
many fault,0.033714714915625735
all odd,0.5967840371215455
all storie,0.9987782092483284
many rule,0.29639530960749444
many week,0.4360760168892207
many generation,0.2387392659642322
many chance,0.06708537054940446
many blessing,0.152959409281334
many hole,0.19411206388278102
all mathematic,0.7367525954333216
many book,0.35195268809896796
many wonder,0.006119298015443812
both contestant,0.8068912612360228
all adult,0.67562158592218
all trooper,0.9527660651023416
both companie,0.9679919209430059
many joy,0.023987567833043604
all stormtrooper,0.8217584053743053
most bear,0.295864226493318
both eye,0.6923276099925924
many house,0.035286512421406326
all intent,0.07163429858910265
many room,0.008658009732319625
all way,0.07298457750679532
both car,0.0832265973228103
many wishe,0.9097788969554439
most pet,0.04979261949905323
many word,0.454734712601883
many countrie,0.9910010231276792
all stop,0.10406810619670218
all boy,0.6008182105366809
both ship,0.3486479260908014
all animal,0.7498339062610545
both teacup,0.7606686281128101
all accident,0.1216652874925157
all government,0.1311628077383112
many tear,0.7285134899919969
all frequencie,0.9627854614356572
all test,0.34113595610610126
all command,0.042302717173830336
all contestant,0.9325677874300731
both direction,0.35426584712534914
all misfit,0.9683463629499504
most animal,0.6007303638043298
many minute,0.011163533536512059
all guy,0.8933562732046881
many explosive,0.09520091141442516
many zeroe,0.05783535879527547
all clas,0.9856857439965806
all mess-up,0.018649104287922897
all title,0.5784537848804926
many repair,0.4614879358386276
many doubt,0.06914624402067696
many doctor,0.021366135637778234
many game,0.07449507802760627
many pitche,0.26854599116954203
both fan,0.30840637117609243
many combination,0.14769448467110272
all circuit,0.36742693143223776
all train,0.19887868621732635
all name,0.6865093169157387
many bag,0.20119789525726214
most parent,0.9542398381427084
many clothe,0.9865578608532573
many cylinder,0.08511587388196215
all excuse,0.5766541237302161
many campfire,0.06841781242926424
many cast,0.0019050003698486688
both lake,0.32391297350975207
many american,0.07307812912298443
both negotiator,0.1549344800323946
many laugh,0.1197107358798572
all fund,0.11408878231071726
all criminal,0.7346747750372357
many eye,0.4927727612344617
all proceed,0.20799632260207965
all winner,0.47996828024150157
all population,0.32452464029875167
all race,0.11652220508765174
both number,0.39832211847334936
many arm,0.31003507094897587
all flight,0.0388495157660262
all convention,0.7144588010834045
all right,0.0006105374209569105
all appearance,0.49884388189830037
all vehicle,0.5736184121628913
all temperature,0.426130568138948
all tank,0.4185454672150281
all school,0.08190469215487542
all wind,0.5479183625767371
all weather,0.023549957485481367
all ladie,0.9990887404840644
all flower,0.964112857902522
all bee,0.016982932728338028
all insect,0.7160430696463393
many memorie,0.9915544115558104
most burger,0.5266129251443671
all vow,0.5238266435343031
both school,0.05924975915475157
all strike,0.394368094788844
both boat,0.4039542717140236
all peanut,0.3431987730426258
many nannie,0.893186083659669
all payment,0.6017471872171309
all size,0.024311276540794825
many program,0.013049625902572796
many level,0.03824862109151857
all -ye,0.15493985541956926
all question,0.7468163563292828
all augustu,0.7711674019183141
many christma,0.9996232087768312
all tonya,0.2693279686835554
all show,0.2899305044211471
all higitu,0.2878438020625868
all walk,0.1261626556330377
many ring,0.21923426185873232
all sector,0.8488552704800156
all member,0.9595050309458478
all report,0.3975106441072738
many banana,0.3405792875552696
all busines,0.9999082948788774
all munster,0.14172730369971195
all prime,0.23485334989445084
all cybertronian,0.23262194251119928
most human,0.5506504857167716
all route,0.027664147964518486
all triangle,0.17537695323990807
all expense,0.7781153449869694
many puppie,0.9980478835232035
all devil,0.2743742333955306
all precaution,0.7238294111849868
all person,0.01389385865212035
all bear,0.241492001381653
many know,0.01767817858416713
all thornton,0.170006694150847
all rider,0.834697870577244
many lesson,0.19444905149018393
all bargain,0.40673964795772455
all thumb,0.0821971668383569
many bond,0.14107437282151697
both friend,0.6679425528404948
many yankee,0.2756325600569734
many passenger,0.7421574476141396
many yank,0.017070754927056262
many deal,0.03578182771394
many rooster,0.1175567299498607
many reason,0.044000066208107605
many delight,0.07502315537777766
many present,0.19697611379643853
many knock,0.05528194151894779
many round,0.011595257376174294
all pirate,0.9590171203828012
many hotel,0.014757638590483289
all line,0.37504872114374344
all shark,0.24101303958832576
all idiot,0.3845456850662311
many trouble,0.022856839534037582
many alert,0.0073121381467397455
all code,0.1893076219356541
many opening,0.004743565002755125
many fight,0.017542589299602323
many evening,0.016555968640894335
many girlfriend,0.05396166432644243
many kisse,0.8848987086671107
all angel,0.5314879841324448
all toy,0.6241494426994695
many feast,0.06709028063541259
all branche,0.9823866828483369
all element,0.7944870861490715
all plant,0.5049601891660371
many syllable,0.0038762998015841234
most folk,0.9164891642443691
most guy,0.28321710109862275
many bill,0.06913282193862011
both girl,0.4395825236871521
all worker,0.9906222649079663
all end,0.3244241914220053
both student,0.9254284131463001
all mammal,0.9255938953154503
all grati,0.06986825855618198
both actor,0.616118124520766
many shot,0.06170548871966222
both count,0.12426703977205963
all volunteer,0.7172374167338812
many delicacie,0.8358279307731596
many up,0.202469963282329
all work,0.1215423843133342
all amigo,0.006266214164018981
all processe,0.46692639993316115
all instance,0.017016890049696223
all meaningles,0.9449949084139355
all higgin,0.998149415297551
many woe,0.5707360597230977
all airport,0.09013409589290435
all stranger,0.844010661321171
all charge,0.3565705144955814
all violate,0.2854262412004147
all delegate,0.5034650516438917
all carry-on,0.010886860398394201
all language,0.20091398524949614
many second,0.009038321057570806
all mountain,0.7891131748756773
both name,0.17136634855799654
all sound,0.777503753027619
many language,0.02712070618341452
many successe,0.6698850067749695
all plane,0.5092656299311183
many player,0.22710669579722106
all sixe,0.04971276623582556
all bit,0.13399452416970645
all illusion,0.25626129847133006
all blizzard,0.14562673572444046
all hasard,0.6411258712787523
all prisoner,0.9545029277071623
all car,0.03987802119123113
all olive,0.32282337500935043
both offer,0.3432317788408961
all eye,0.9453255527771921
many object,0.19064381309415254
many site,0.001853537257561342
all audience,0.22658488483254174
many dishe,0.6551150092426322
many countesse,0.3994785579052397
both door,0.4350420879514875
many method,0.295598621149866
many pipe,0.13237963900889313
many captive,0.012769806096925629
many enemie,0.9849116537855679
all unkindnes,0.5656535640924006
all peril,0.08348146278357593
all point,0.7076248142241479
many traveler,0.4748894891607915
all word,0.8105030538161762
many law,0.07604181748712278
many doodle,0.01593160540797072
many creature,0.5846714350298441
all direction,0.8906097464039783
many infinitie,0.9414457670746009
many fraction,0.5087089035495914
all infinitie,0.7583168551385092
most mathematician,0.7655404687432241
all decimal,0.8921031125683992
many mathematician,0.30337935503295504
all equation,0.9568045053547449
many problem,0.24450111690473542
many textbook,0.13480072348567793
many specific,0.007457717174090214
many door,0.059983181880742135
many friendlie,0.8916268892342414
both clas,0.9674147612692634
all revolution,0.4016763781433094
many brenda,0.019139062076174367
many broom,0.5326532302258643
many feeling,0.3855005762722127
many teenager,0.30675992047917583
many peck,0.1262175203207151
all acces,0.9918698454515332
all fairnes,0.951548130504197
many kill,0.010909654191466113
all distres,0.9900927870193962
many design,0.03759680959846238
many world,0.009192978054333436
all attempt,0.10775128809397934
most map,0.15076603157214613
most american,0.11264892333398364
all action,0.059307716007693134
all trace,0.2509347762914772
many technique,0.07678481415929489
all chao,0.9893139945726548
many varietie,0.7768552031024335
many rumor,0.6516757239628892
many conflict,0.10090379098041673
many flower,0.5677475230339146
both competitor,0.5874328855961519
all killer,0.4784959206886506
many flyer,0.703926820599887
both cub,0.4273899220670786
many limb,0.32336532084082853
all intruder,0.894556267556179
many riche,0.5289355651496369
many yesterday,0.0008165291420419321
all relation,0.9851348561083955
all soul,0.23777698981508064
many homemaker,0.04302566242946497
many spider,0.10654390939493567
all ward,0.0679752266075803
many joke,0.3951782774809363
all cylinder,0.6838903740201737
all poet,0.17341152210195374
all rope,0.4505167614750679
many slave,0.3661187622040735
many king,0.022297528358762767
all mother,0.11658797772205995
all pylon,0.29666843665257076
many shepherd,0.2817230452666008
many nation,0.10679811193776013
all god,0.016689044386421197
all wagon,0.5865571263551712
all american,0.34423671528603417
both parent,0.957123938281192
many sprinkle,0.3990999539038423
most mammal,0.6207696851700482
most case,0.4396501910307838
both kid,0.5804487100727438
many trial,0.16405612616117043
all drawing,0.1412470888432976
many kid,0.2427945779164869
all smile,0.2296872628803582
both owner,0.7636710082669419
many lock,0.08207559954673259
many charm,0.09886447722604827
all crime,0.23984793918161326
many toy,0.12356188973473549
all villain,0.9643138672552518
all wenche,0.8141096447242343
many hit,0.08570600757113694
many hoop,0.24061401028013973
many pig,0.16107848727163915
all happines,0.9973446092617472
many servant,0.19108691247508067
many dutie,0.8927474046270945
many violation,0.2667239164144579
both murder,0.05354924220777429
both leg,0.5899371483915897
all tyrant,0.5959075805461015
all gunfighter,0.7482459272959986
all bet,0.0034203963685051175
most thing,0.6117061621515796
many christian,0.06957990872991843
all place,0.6303393236585362
both team,0.1267115647927925
both arm,0.2587966267890011
all parent,0.9861228354254314
many file,0.21257303073262215
many privilege,0.28614251558026027
all witche,0.9899527210862261
all mexican,0.34526864795469564
many piece,0.17093212853374912
all citizen,0.9793596997045962
many operation,0.04888765718525987
many villager,0.5262645022106318
all crop,0.3977623963529138
all newborn,0.08354539288517515
most girl,0.29582413253485257
many danger,0.013475238737254902
many long-neck,0.030816759079985538
all magician,0.575651229979009
all building,0.028288135354668936
many role,0.04452983450135525
all quarrel,0.1526005463065042
all feel,0.5070012776380841
all robot,0.7374506048276943
many supporter,0.3500653018199175
many cup,0.09324774132454182
many hinderance,0.04926777286200225
many side,0.013324553661945099
both dog,0.46074209614807765
all bird,0.9068045240537126
all reserve,0.6567936547421864
many son,0.013596203945109636
many legion,0.6236706134183612
all game,0.8394721079654014
all finding,0.01135700132668518
all recorder,0.9430463533079297
many highway,0.0286817547457688
many bug,0.5724802838939659
many building,0.07740526583016605
all seat,0.41234261481543555
all volcanoe,0.8652085784699542
all prophet,0.8796810071672078
many mansion,0.026037845797389363
many section,0.04010422310330806
many horn,0.09106790459839163
many babie,0.990615621492543
many talent,0.0792372909836791
many great,0.0035514789180434367
all vampire,0.7302840183527579
many ghost,0.13649932320224847
many live,0.7520858553199461
many lakh,0.4513357438346732
many league,0.11109688203152354
all count,0.17741145356722432
all knight,0.9207978710844228
all fanatic,0.08488632269263759
many rose,0.3508237432678863
all door,0.6011820924713206
all friend,0.9418929324500948
all snowflake,0.9617467157284607
all background,0.021460573693827992
both human,0.6332129188380026
both victim,0.4533067222991339
many sable,0.0737703969427595
many turtle,0.15452770782788788
many survivor,0.4756344618342556
all hat,0.16223821392710502
all record,0.4741007389864876
many mammal,0.4631913010746951
all circumstance,0.9429573369036005
many thought,0.18478609566811313
many gun,0.15989519607228012
many death,0.0027574752794675525
all ourselve,0.998864951791521
all blessing,0.3753908501709658
many convention,0.1720649485460827
all dane,0.0865924314444197
all possibilitie,0.999530391573369
all hypocrite,0.41080386229731475
all fighter,0.9171760026325171
all performer,0.9530508418981071
both competition,0.0699587715746341
all run,0.02370118114090631
all harbor,0.13839448688580608
many schmoozing,0.04965922695254437
many jargon,0.25090736069768044
many lick,0.03159610606612923
many sausage,0.39161700246673214
many offer,0.16705697840075784
many cheese,0.02039692280725046
all ear,0.019200285315298358
many gown,0.004381552383798766
many paint,0.009735338032018297
many horse,0.13405511852422847
all arrangement,0.7401788689972547
all move,0.17303599608659145
both packet,0.6432433773739759
many murder,0.004309954753649397
all call,0.1535257094834998
all equal,0.2656363637686974
all angle,0.19511180748144094
all new-build,0.004441970446996357
many idiot,0.07835972858236585
many balloon,0.2099910098240877
all elephant,0.7977256455428037
many acre,0.2440578854000155
all entrie,0.9117487143582383
many gadget,0.13470783032885153
all geniuse,0.9410649839404803
most hotel,0.10761868609534837
all unaware,0.53408343043884
all ailment,0.28860748387294743
many path,0.011069502078790091
all musher,0.7325586034600444
all problem,0.9090262051255624
all occasion,0.027773075090082082
many cure,0.04112382268510235
many vote,0.15105786643016883
many bank,0.19862063390109722
many place,0.03158770325431531
all wimp,0.27227603087062746
all watchdog,0.7505868681139463
all mate,0.1266281349108868
all thank,0.8839319552238439
all drain,0.5159813831059054
all pencil,0.8160007842206111
all pari,0.980943581567302
all coward,0.6797779021507298
many smile,0.05239883846560825
all variable,0.011272607244293522
all dragon,0.6011417382154903
many hunter,0.24642007230571403
many ship,0.14197431766828045
many rider,0.11718704815182142
most specie,0.8759475540904473
many mysterie,0.9516425275177374
all leave,0.8750239454228995
many newsreel,0.05741412011984515
many prince,0.6319169300789415
many obligation,0.17801282740488228
